id,x,y
IMG4287_3,18.939321920000005,-26.79728035
IMG4288_5,-8.080678079999998,9.94271965
IMG4289_5,42.219321920000006,-36.27728035
IMG4290_4,4.079321920000001,21.042719650000002
IMG4291_5,41.07932192,-9.117280350000001
IMG4292_3,-21.9806780802,7.702719650000001
IMG4293_3,-24.320678080399997,-5.357280350000002
IMG4294_1,-22.2806780804,13.50271965
IMG4295_1,4.699321919600001,-10.797280350000001
IMG4296_1,-88.06067809199999,6.0227196498
IMG4297_4,31.519321919599996,-9.57728035
IMG4298_1,29.1193219198,-7.717280350000001
IMG4299_3,-7.460678079999999,3.1027196499999987
IMG4300_5,7.759321919800001,2.5027196499999986
IMG4301_3,-9.380678081,3.58271965
IMG4302_2,24.2193219196,-12.29728035
IMG4303_2,2.3593219200000006,-9.017280350000002
IMG4304_5,31.71932192,-16.93728035
IMG4305_5,8.419321920000002,16.402719649799998
IMG4306_4,-0.9206780800000018,17.442719649999997
IMG4307_4,0.7993219198000012,-2.41728035
IMG4308_3,52.619321919799994,-38.49728035
IMG4309_1,-17.28067808,23.78271965
IMG4310_4,13.59932192,-1.8372803500000003
IMG4311_4,12.039321919599999,7.762719649999999
IMG4312_2,41.239321919999995,-8.71728035
IMG4313_3,11.97932192,15.00271965
IMG4314_5,-9.6206780802,2.662719650000001
IMG4315_5,11.059321920000002,35.20271965
IMG4316_2,25.25932192,5.06271965
IMG4317_2,-9.380678081,3.58271965
IMG4318_2,5.339321920000001,7.442719649999999
IMG4319_2,11.399321919799998,-19.67728035
IMG4320_2,41.77932192,-27.17728035
IMG4321_5,-9.74067808,17.40271965
IMG4322_4,-25.42067808,20.98271965
IMG4323_2,-27.04067808,15.242719649999998
IMG4324_5,2.8193219200000015,2.822719649999999
IMG4325_4,-41.080678088,46.64271965000001
IMG4326_5,22.57932192,-3.4372803500000004
IMG4327_4,47.31932192,-14.49728035
IMG4328_4,-3.220678079999997,14.642719649999998
IMG4329_1,2.179321919199998,-34.05728035
IMG4330_4,13.979321920000004,14.06271965
IMG4331_2,40.719321920000006,-0.09728035000000013
IMG4332_3,3.8393219200000006,0.44271964999999724
IMG4333_2,-0.3006780800000001,10.80271965
IMG4334_3,14.059321919999999,10.622719649999997
IMG4335_4,19.659321920000004,-9.25728035
IMG4336_4,45.1993219198,-31.437280349999998
IMG4337_2,40.939321920000005,-2.357280350000001
IMG4338_3,-27.060678080000002,13.94271965
IMG4339_5,-20.940678079999998,16.02271965
IMG4340_4,20.619321919999997,9.28271965
IMG4341_5,5.859321920000001,-12.257280349999998
IMG4342_5,-10.000678080199998,1.302719650000001
IMG4343_5,-11.320678080000002,7.642719650000001
IMG4344_5,36.71932192,-1.3372803500000003
IMG4345_3,38.29932192,7.442719649999999
IMG4346_3,-1.3806780803999985,-8.717280350000001
IMG4347_5,19.57932192,-0.31728035000000004
IMG4348_5,-3.2206780799999977,14.64271965
IMG4349_5,23.8793219198,3.982719649999999
IMG4350_2,-106.620678092,60.502719649999996
IMG4351_1,13.79932192,-1.2572803500000027
IMG4352_4,13.79932192,-1.2572803500000027
IMG4353_3,12.559321918799998,-55.357280349999996
IMG4354_3,-21.940678079999998,15.30271965
IMG4355_2,6.099321919999999,0.46271964999999965
IMG4356_2,18.679321919799996,-12.397280349999999
IMG4357_5,-3.5806780800000007,8.16271965
IMG4358_2,11.03932192,13.96271965
IMG4359_3,-21.94067808,15.30271965
IMG4360_4,18.699321920000003,-1.1172803500000006
IMG4361_4,-8.460678080800001,-33.61728035
IMG4362_2,10.13932192,-10.937280349999998
IMG4363_2,-11.7806780804,-2.9572803500000004
IMG4364_1,-21.940678079999998,15.30271965
IMG4365_4,10.33932192,17.24271965
IMG4366_1,5.5593219199999995,-4.157280350000001
IMG4367_1,-2.020678079999996,-2.4172803499999973
IMG4368_2,-9.380678081,3.58271965
IMG4369_4,1.2993219200000006,18.34271965
IMG4370_4,-27.120678079999998,27.20271965
IMG4371_1,-22.20067808,23.62271965
IMG4372_3,3.5593219197999986,0.08271964999999995
IMG4373_1,4.419321920000003,11.082719650000001
IMG4374_3,-19.120678079999998,7.3027196499999985
IMG4375_3,14.179321920000001,0.10271964999999739
IMG4376_2,-0.6606780799999974,17.362719649999995
IMG4377_1,0.7793219195999994,19.18271965
IMG4378_3,34.69932192,-6.83728035
IMG4379_2,0.7793219196000022,19.18271965
IMG4380_4,41.719321920000006,-2.9772803502
IMG4381_5,-7.76067808,-18.957280349999998
IMG4382_4,31.71932192,-2.11728035
IMG4383_3,3.6993219200000027,19.682719650000003
IMG4384_3,4.079321920000001,21.04271965
IMG4385_4,-3.6606780800000025,-32.33728035
IMG4386_3,-9.380678081,3.58271965
IMG4387_1,13.799321920000002,-1.2572803500000007
IMG4388_5,13.1793219198,20.32271965
IMG4389_5,-3.0806780799999984,9.222719649999998
IMG4390_3,31.21932192,4.1627196498
IMG4391_5,-6.220678080600001,26.262719649999998
IMG4392_1,25.1393219198,-3.9772803499999996
IMG4393_4,1.9393219200000018,-8.237280350000002
IMG4394_4,8.43932192,-0.6972803499999998
IMG4395_4,-0.8006780799999987,9.722719649999998
IMG4396_3,-6.32067808,11.642719650000002
IMG4397_4,8.719321919800002,0.6427196499999986
IMG4398_3,-9.380678081,3.58271965
IMG4399_1,2.6793219195999995,0.9427196499999987
IMG4400_5,5.919321919999999,12.362719650000003
IMG4401_4,38.99932192,-34.89728035
IMG4402_3,4.159321919999999,3.0627196500000027
IMG4403_4,-9.380678081,3.58271965
IMG4404_2,-9.380678081,3.58271965
IMG4405_4,13.79932192,-1.2572803500000014
IMG4406_2,56.13932192,-55.87728034999999
IMG4407_1,20.17932192,13.722719650000002
IMG4408_4,15.19932192,9.38271965
IMG4409_2,36.1393219196,-11.737280349999999
IMG4410_1,16.57932192,-9.27728035
IMG4411_5,3.659321920000001,1.222719649999999
IMG4412_2,1.9793219196000025,2.1827196499999983
IMG4413_4,2.4793219198000007,1.6227196499999992
IMG4414_2,-25.46067808,26.58271965
IMG4415_2,13.79932192,-1.2572803500000007
IMG4416_5,12.7993219196,2.802719649999999
IMG4417_4,23.499321920000003,-4.237280349999999
IMG4418_5,-9.380678081,3.58271965
IMG4419_3,3.8393219198000006,-2.437280350000003
IMG4420_1,6.0993219199999995,1.0427196499999987
IMG4421_1,50.35932192,1.5027196498
IMG4422_2,20.09932192,-4.897280350000001
IMG4423_4,-10.280678084200002,9.642719640000001
IMG4424_2,18.759321919600005,-7.277280349999996
IMG4425_3,46.41932192,-4.017280349999998
IMG4426_5,-5.1006780802,12.382719649999999
IMG4427_3,-9.22067808,13.022719649999999
IMG4428_5,-10.720678080799999,-22.817280349999997
IMG4429_2,1.2793219191999987,-17.837280349999997
IMG4430_4,26.69932192,-7.49728035
IMG4431_1,-21.940678079999998,15.302719649999997
IMG4432_3,17.6793219192,18.34271965
IMG4433_5,-7.7806780806,5.202719650000001
IMG4434_3,-14.660678080599999,16.40271965
IMG4435_5,-25.3806780804,14.382719649999999
IMG4436_5,21.17932192,-6.27728035
IMG4437_3,-11.360678080799998,-2.2572803499999994
IMG4438_2,17.25932192,-61.497280350000004
IMG4439_4,25.95932192,2.94271965
IMG4440_4,-40.440678084,32.46271965
IMG4441_3,20.019321920000003,-5.337280349999999
IMG4442_5,-1.6806780801999976,-10.71728035
IMG4443_4,11.379321920000004,7.122719649999999
IMG4444_5,-3.7406780804,11.382719649999999
IMG4445_3,12.53932192,12.342719650000001
IMG4446_5,4.519321919200001,17.78271965
IMG4447_4,11.759321919800001,-4.537280350000001
IMG4448_3,12.53932192,12.342719649999998
IMG4449_3,-21.940678079999998,15.30271965
IMG4450_3,13.799321920000006,-1.2572803500000014
IMG4451_2,40.05932192,4.30271965
IMG4452_1,10.1193219196,-11.297280349999998
IMG4453_2,-36.72067808,42.70271964
IMG4454_2,14.179321919999998,0.1027196499999988
IMG4455_3,2.4793219195999967,11.44271965
IMG4456_2,-3.7406780803999995,11.382719649999999
IMG4457_3,14.69932192,2.4627196500000013
IMG4458_1,3.69932192,19.682719650000003
IMG4459_3,8.139321919999997,15.622719649999999
IMG4460_1,10.739321919599998,-0.8172803500000014
IMG4461_3,18.15932192,28.72271965
IMG4462_3,14.459321920000002,7.742719650000001
IMG4463_1,14.719321920000002,-29.79728035
IMG4464_3,34.03932192,-3.63728035
IMG4465_3,-9.620678080399998,3.9627196499999995
IMG4466_1,45.55932192,-4.85728035
IMG4467_4,5.119321920000002,13.90271965
IMG4468_3,-24.780678084,29.62271965
IMG4469_4,-48.780678079999994,69.12271963999999
IMG4470_1,45.979321920000004,-40.83728035
IMG4471_5,7.399321919800002,-1.8172803500000008
IMG4472_2,5.339321920000001,7.442719649999999
IMG4473_1,12.259321919600001,16.50271965
IMG4474_4,12.25932192,14.862719650000003
IMG4475_4,7.25932192,8.88271965
IMG4476_4,25.599321919599998,4.02271965
IMG4477_2,3.839321919799999,-2.4372803500000018
IMG4478_2,25.39932192,-37.677280350000004
IMG4479_5,-15.02067808,20.34271965
IMG4480_2,14.179321919999998,0.1027196499999988
IMG4481_2,13.099321919400001,8.46271965
IMG4482_3,18.13932192,-10.67728035
IMG4483_1,1.0793219199999982,5.262719650000004
IMG4484_2,-8.220678079999999,11.04271965
IMG4485_3,19.439321919999998,-3.7372803500000003
IMG4486_2,2.5193219199999994,4.3027196499999985
IMG4487_4,32.05932192,-9.35728035
IMG4488_4,10.739321919599998,-0.8172803500000014
IMG4489_5,51.59932192,-22.51728035
IMG4490_1,-0.1606780805999989,20.462719649999997
IMG4491_3,-1.840678080599999,-0.2772803499999995
IMG4492_4,-4.0206780800000015,14.442719649999997
IMG4493_3,-0.6606780800000017,3.5627196499999996
IMG4494_5,21.739321918999998,-40.91728035
IMG4495_2,5.61932192,7.30271965
IMG4496_5,-43.7806780804,29.842719650000003
IMG4497_1,13.79932192,-1.2572803500000027
IMG4498_3,37.81932192,-14.23728035
IMG4499_3,39.51932192,-3.57728035
IMG4500_3,12.53932192,12.342719649999998
IMG4501_5,-1.9206780811999997,-49.05728035
IMG4502_2,7.279321919600001,-19.65728035
IMG4503_3,-21.940678079999998,15.30271965
IMG4504_3,16.99932192,-7.897280350000001
IMG4505_4,-10.000678080199998,1.302719650000001
IMG4506_4,-32.120678084,31.48271965
IMG4507_3,-2.6206780807999994,-4.477280350000001
IMG4508_2,15.759321919800001,-15.957280350000001
IMG4509_2,11.599321919999998,-10.83728035
IMG4510_5,-7.700678080399999,-1.7972803499999999
IMG4511_3,12.879321919600002,4.182719650000001
IMG4512_2,13.79932192,-1.2572803500000007
IMG4513_1,0.639321919799999,2.0427196499999987
IMG4514_2,29.559321920000002,-1.8572803500000006
IMG4515_1,10.739321919599998,-0.8172803500000014
IMG4516_2,3.0193219194000003,29.52271965
IMG4517_2,31.059321920000002,-13.03728035
IMG4518_2,19.7993219198,9.242719649999998
IMG4519_5,-5.26067808,3.2427196500000006
IMG4520_5,10.899321915999996,13.02271964
IMG4521_2,17.439321919999998,8.90271965
IMG4522_4,-2.4206780799999996,-0.6972803499999998
IMG4523_2,29.19932192,-6.297280350000001
IMG4524_2,-41.260678084199995,23.62271965
IMG4525_3,-5.500678080000003,1.48271965
IMG4526_5,-13.380678080000001,-3.6772803499999993
IMG4527_3,18.259321919999998,13.882719650000002
IMG4528_4,-2.9006780799999974,-18.15728035
IMG4529_2,29.09932192,-16.89728035
IMG4530_3,0.07932191999999957,12.16271965
IMG4531_1,32.51932192,-1.9172803500000015
IMG4532_4,-9.060678080799999,12.602719650000001
IMG4533_3,43.43932192,-10.93728035
IMG4534_5,13.799321920000006,-1.2572803499999998
IMG4535_3,-19.8006780806,12.56271965
IMG4536_5,22.57932192,-22.23728035
IMG4537_2,3.559321920000001,6.38271965
IMG4538_4,11.219321920000002,6.602719649999999
IMG4539_1,8.33932192,11.40271965
IMG4540_3,-15.880678080399997,9.582719649999998
IMG4541_3,29.419321920000005,-4.9172803499999995
IMG4542_1,16.239321919600002,21.162719650000003
IMG4543_1,3.8393219197999997,-2.437280350000001
IMG4544_3,14.179321919999998,0.1027196499999988
IMG4545_5,-8.96067808,3.20271965
IMG4546_1,5.579321920000001,2.3027196500000002
IMG4547_5,-15.02067808,20.34271965
IMG4548_5,1.8593219200000035,0.2627196500000011
IMG4549_1,40.719321920000006,-22.45728035
IMG4550_4,-14.64067808,21.70271965
IMG4551_4,-17.360678083999993,-5.1572803500000015
IMG4552_2,-9.4606780804,-12.997280349999997
IMG4553_1,17.67932192,-14.377280350000001
IMG4554_5,-3.7406780803999995,11.382719649999999
IMG4555_5,5.61932192,7.302719649999998
IMG4556_3,16.859321920000003,10.482719650000002
IMG4557_2,-27.320678084,21.88271965
IMG4558_2,-5.6006780804,-6.017280350000002
IMG4559_4,-26.30067808,25.90271965
IMG4560_2,21.77932192,-4.677280349999999
IMG4561_4,29.59932192,-8.31728035
IMG4562_5,10.099321920000001,21.882719650000002
IMG4563_1,12.45932192,2.222719649999999
IMG4564_5,-9.18067808,12.90271965
IMG4565_4,12.299321919799999,-2.1572803500000015
IMG4566_3,17.71932192,15.602719650000001
IMG4567_1,-64.460678088,47.182719649999996
IMG4568_2,3.5593219198000012,0.08271965000000066
IMG4569_3,4.67932192,8.602719650000001
IMG4570_1,-1.3006780800000002,16.08271965
IMG4571_4,-19.880678079999996,5.38271965
IMG4572_1,9.759321919800003,-7.43728035
IMG4573_5,4.6393219199999995,-2.8572803500000012
IMG4574_2,32.51932192,-1.9172803500000009
IMG4575_1,4.679321920000001,8.602719650000001
IMG4576_2,24.05932192,-4.837280349999999
IMG4577_3,31.0193219198,-2.8172803500000008
IMG4578_3,15.919321920000002,11.002719650000001
IMG4579_4,26.03932192,-1.9772803500000002
IMG4580_1,-1.8006780808000002,-22.65728035
IMG4581_2,7.1593219194,27.882719650000002
IMG4582_5,-9.620678080200001,2.6627196499999997
IMG4583_1,-12.100678080400003,7.342719650000004
IMG4584_2,32.13932192,-21.397280350000003
IMG4585_5,-31.9006780802,14.122719649999999
IMG4586_3,-16.00067808,25.862719649999995
IMG4587_4,0.9193219197999994,-11.657280349999999
IMG4588_4,-2.7606780844,-2.2572803500000007
IMG4589_3,-2.5606780804000002,-11.09728035
IMG4590_1,8.319321919999998,-1.9972803499999991
IMG4591_1,-2.2206780799999994,29.58271965
IMG4592_5,-8.88067808,12.38271965
IMG4593_4,0.7993219200000012,-27.837280349999997
IMG4594_4,3.7793219200000023,1.7027196500000001
IMG4595_1,39.81932192,-8.557280350000003
IMG4596_4,-15.4806780804,29.182719649999996
IMG4597_4,14.179321920000001,0.10271964999999739
IMG4598_3,-1.28067808,14.362719649999999
IMG4599_1,33.77932192000001,-41.217280349999996
IMG4600_5,-4.620678080200002,6.262719649999999
IMG4601_1,49.41932192,-4.09728035
IMG4602_4,-3.220678079999999,14.64271965
IMG4603_2,5.61932192,7.302719649999998
IMG4604_5,19.619321919999997,-24.67728035
IMG4605_2,-19.320678084,29.90271965
IMG4606_3,19.719321920000002,-6.25728035
IMG4607_2,12.09932192,12.34271965
IMG4608_5,5.079321920000001,15.762719650000003
IMG4609_3,3.239321919599999,-13.357280350000002
IMG4610_1,6.9793219199999985,11.402719650000003
IMG4611_5,19.559321920000002,8.56271965
IMG4612_3,19.71932192,-6.25728035
IMG4613_3,14.75932192,9.942719649999999
IMG4614_4,15.1793219198,-11.07728035
IMG4615_1,24.359321919999996,-17.81728035
IMG4616_5,10.07932192,-14.017280349999998
IMG4617_2,14.639321919,-37.27728035
IMG4618_5,-45.900678080199995,17.042719650000002
IMG4619_5,27.1593219196,-14.99728035
IMG4620_1,12.25932192,12.482719649999998
IMG4621_1,-4.360678080599999,29.80271965
IMG4622_1,-17.3406780802,8.542719649999999
IMG4623_2,-8.86067808,25.582719649999998
IMG4624_4,1.1193219198000002,5.682719649999999
IMG4625_2,8.0993219194,3.98271965
IMG4626_3,-3.7406780804,11.382719649999999
IMG4627_3,11.9393219196,13.082719650000001
IMG4628_2,12.79932192,-5.75728035
IMG4629_3,5.61932192,7.3027196499999985
IMG4630_1,4.07932192,21.04271965
IMG4631_2,-12.220678080000003,22.062719650000002
IMG4632_2,24.45932192,4.68271965
IMG4633_3,-29.8606780804,8.14271965
IMG4634_3,41.079321920000005,-9.117280350000001
IMG4635_3,-28.400678080600006,-1.5972803499999997
IMG4636_3,55.69932192,-20.57728035
IMG4637_1,47.29932192,-24.69728035
IMG4638_3,12.25932192,12.48271965
IMG4639_2,-20.42067808,18.162719649999996
IMG4640_2,6.39932192,9.362719649999999
IMG4641_2,1.5593219197999997,-11.47728035
IMG4642_4,36.81932192,-8.457280350000001
IMG4643_2,0.9993219200000028,11.902719650000002
IMG4644_5,33.57932192,5.522719650000001
IMG4645_4,24.57932192,-7.09728035
IMG4646_2,13.79932192,-1.2572803500000014
IMG4647_4,-9.380678081,3.58271965
IMG4648_2,11.6793219198,-13.737280349999997
IMG4649_1,45.45932192,-32.31728035
IMG4650_4,20.29932192,-8.31728035
IMG4651_3,25.7393219198,4.702719649999997
IMG4652_1,7.379321919800001,20.16271965
IMG4653_3,-9.380678081,3.58271965
IMG4654_4,2.1393219200000013,5.9627196499999995
IMG4655_3,13.99932192,30.142719649999997
IMG4656_2,5.07932192,8.42271965
IMG4657_5,30.419321919400005,-11.05728035
IMG4658_4,4.43932192,-17.09728035
IMG4659_2,-7.580678080000001,1.3427196499999994
IMG4660_5,21.23932192,5.442719649999996
IMG4661_3,-3.220678079999999,14.642719649999998
IMG4662_2,13.99932192,24.20271965
IMG4663_2,32.91932192,12.58271965
IMG4664_3,5.619321919999999,7.3027196499999985
IMG4665_4,13.059321919999999,1.5627196499999996
IMG4666_2,-9.380678081,3.58271965
IMG4667_1,15.63932192,19.36271965
IMG4668_4,29.739321919600002,-41.29728035
IMG4669_2,29.79932192,-3.5572803500000005
IMG4670_3,13.51932192,1.2627196499999975
IMG4671_4,-32.98067808399999,5.822719649999998
IMG4672_2,5.61932192,7.30271965
IMG4673_1,-31.280678083999998,32.30271965000001
IMG4674_3,39.13932192,-33.27728035
IMG4675_2,14.97932192,-0.6772803499999995
IMG4676_2,25.69932192,10.742719650000002
IMG4677_2,12.53932192,12.342719649999996
IMG4678_1,5.339321919999999,7.442719650000003
IMG4679_2,20.559321919999995,1.1427196500000005
IMG4680_1,21.239321920000002,3.642719649999999
IMG4681_4,6.199321919999998,4.96271965
IMG4682_2,32.7393219192,6.462719650000001
IMG4683_4,4.879321920000002,-16.17728035
IMG4684_1,-31.9006780802,14.122719649999999
IMG4685_2,5.61932192,7.30271965
IMG4686_1,5.539321920000001,3.0027196500000004
IMG4687_3,20.95932192,11.042719650000002
IMG4688_2,-29.100678084000002,31.24271964
IMG4689_4,10.739321919599998,-0.8172803500000008
IMG4690_3,29.119321919599997,0.8227196499999995
IMG4691_2,-9.380678081,3.58271965
IMG4692_1,5.61932192,7.30271965
IMG4693_5,-56.90067808799999,6.802719649799999
IMG4694_2,53.67932192000001,-14.837280349999997
IMG4695_1,26.879321920000002,-13.517280349999998
IMG4696_1,21.979321919600004,-27.177280349999997
IMG4697_2,57.53932192,-12.257280349999998
IMG4698_4,-9.380678081,3.58271965
IMG4699_1,2.7993219200000006,4.5427196499999996
IMG4700_5,23.279321919199997,-37.01728035
IMG4701_4,23.8193219198,-15.99728035
IMG4702_4,2.5193219199999994,4.3027196499999985
IMG4703_1,27.639321919999997,-3.957280349999999
IMG4704_3,1.5993219200000026,8.582719650000001
IMG4705_4,16.6193219198,-5.39728035
IMG4706_5,53.659321920000004,-46.19728034999999
IMG4707_2,9.9793219196,-30.957280349999998
IMG4708_1,5.61932192,7.30271965
IMG4709_5,19.71932192,-6.257280350000001
IMG4710_3,53.59932192000001,-29.17728035
IMG4711_4,4.079321920000001,21.042719650000002
IMG4712_3,6.57932192,-29.857280350000003
IMG4713_3,-13.320678080399997,23.442719650000004
IMG4714_3,-9.380678081,3.58271965
IMG4715_2,-21.940678079999998,15.30271965
IMG4716_1,-15.02067808,20.34271965
IMG4717_4,0.5193219159999956,-12.55728035
IMG4718_2,49.91932192,-1.0372803500000003
IMG4719_5,12.659321920000002,6.88271965
IMG4720_1,-1.48067808,-12.07728035
IMG4721_3,15.779321919400001,-18.497280349999993
IMG4722_2,0.5993219199999998,13.862719650000003
IMG4723_1,7.519321920000003,7.3827196499999985
IMG4724_3,54.079321920000005,-13.897280349999999
IMG4725_1,38.8793219196,-16.37728035
IMG4726_2,0.1193219200000005,10.022719649999997
IMG4727_4,-31.0806780804,47.86271964
IMG4728_1,-2.7406780799999986,7.04271965
IMG4729_4,10.699321920000001,-7.07728035
IMG4730_3,9.439321920000001,9.34271965
IMG4731_2,-23.20067808,28.90271965
IMG4732_3,8.779321920000005,5.3027196499999985
IMG4733_4,-11.98067808,21.40271965
IMG4734_5,39.19932192,-4.677280350000001
IMG4735_3,21.07932192,0.22271964999999874
IMG4736_2,13.79932192,-1.2572803500000007
IMG4737_5,-0.28067807999999916,-9.197280349999998
IMG4738_2,13.79932192,-1.2572803500000014
IMG4739_3,-1.5406780799999993,-5.5372803500000005
IMG4740_1,29.21932192,-0.71728035
IMG4741_4,-16.260678081000002,38.60271965
IMG4742_4,2.2593219191999987,-2.7172803499999985
IMG4743_5,13.79932192,-1.2572803500000027
IMG4744_4,61.29932192,-24.0572803502
IMG4745_1,-6.820678079999999,22.06271965
IMG4746_2,-15.02067808,20.34271965
IMG4747_2,42.279321919400005,-5.39728035
IMG4748_4,2.8593219200000006,-11.937280349999998
IMG4749_1,1.2593219199999985,17.90271965
IMG4750_3,14.15932192,-29.377280349999996
IMG4751_2,18.13932192,12.66271965
IMG4752_4,11.579321920000002,7.022719650000001
IMG4753_2,20.139321920000004,-12.69728035
IMG4754_4,-21.780678079999998,15.602719650000001
IMG4755_2,8.359321920000001,-5.337280350000002
IMG4756_2,-4.000678079999998,8.30271965
IMG4757_3,-21.940678079999998,15.30271965
IMG4758_5,11.579321920000002,-20.997280349999997
IMG4759_5,4.079321920000001,21.042719650000002
IMG4760_2,34.29932192,-0.03728035000000034
IMG4761_3,-9.6206780802,2.662719650000001
IMG4762_1,7.2193219184,36.742719650000005
IMG4763_4,29.419321919999998,8.022719649999997
IMG4764_4,-14.500678080400002,3.5427196499999978
IMG4765_5,43.159321920000004,-20.49728035
IMG4766_4,11.879321919599999,7.722719649999999
IMG4767_5,-15.02067808,20.34271965
IMG4768_2,-21.780678083999998,23.90271965
IMG4769_1,-10.240678084199995,10.442719649999999
IMG4770_1,4.019321920000001,8.94271965
IMG4771_4,4.9593219200000025,6.08271965
IMG4772_3,12.67932192,12.64271965
IMG4773_1,4.579321919799999,9.602719650000001
IMG4774_2,3.779321920000001,1.7027196500000001
IMG4775_2,3.059321919200001,-47.41728035
IMG4776_4,47.17932192,-12.397280349999999
IMG4777_2,18.27932192,-61.15728034999999
IMG4778_1,-3.300678080000001,8.022719649999999
IMG4779_3,22.33932192,-41.51728035
IMG4780_1,13.79932192,-1.2572803500000014
IMG4781_1,44.039321920000006,-15.517280349999998
IMG4782_2,16.5993219196,10.50271965
IMG4783_2,-15.080678080200002,24.98271965
IMG4784_1,26.599321919600005,-35.33728035
IMG4785_2,-0.9206780800000004,17.44271965
IMG4786_5,13.79932192,-1.2572803500000027
IMG4787_4,-53.06067808800001,51.94271964000001
IMG4788_2,26.659321920000004,-0.6972803499999998
IMG4789_2,42.19932192,-38.85728035000001
IMG4790_4,13.79932192,-1.2572803500000007
IMG4791_5,-17.3406780802,8.54271965
IMG4792_3,-23.20067808,28.90271965
IMG4793_1,-20.980678080599997,35.562719650000005
IMG4794_4,-0.8006780803999997,-30.77728035
IMG4795_2,-9.380678081,3.58271965
IMG4796_5,-4.5806780804,21.662719649999996
IMG4797_4,-0.0006780799999980047,2.0627196499999982
IMG4798_1,12.279321920000001,19.182719650000003
IMG4799_1,-31.880678079999996,28.382719639999998
IMG4800_3,1.8793219193999995,-12.79728035
IMG4801_2,37.0393219198,-13.637280350000001
IMG4802_3,5.619321919999999,7.3027196499999985
IMG4803_5,13.979321919999999,2.4027196500000003
IMG4804_2,14.179321920000001,0.10271964999999952
IMG4805_5,-9.380678081,3.58271965
IMG4806_1,27.019321919600003,-20.297280350199998
IMG4807_5,5.61932192,7.302719649999998
IMG4808_2,17.57932192,-3.7772803500000016
IMG4809_3,5.339321920000001,7.442719649999999
IMG4810_1,-0.5406780800000007,8.142719649999998
IMG4811_3,7.0393219198,-2.8372803499999977
IMG4812_4,-2.6806780803999986,-8.357280350000002
IMG4813_3,-39.820678088,23.862719650000003
IMG4814_1,34.45932192,-19.37728035
IMG4815_5,0.9593219199999993,19.48271965
IMG4816_2,53.77932192000001,0.8827196500000001
IMG4817_5,6.33932192,3.522719649999999
IMG4818_2,-6.040678080199999,-9.73728035
IMG4819_1,-15.02067808,20.34271965
IMG4820_4,-15.30067808,22.862719649999995
IMG4821_1,0.699321920000002,8.042719649999999
IMG4822_2,11.719321920000002,-13.537280350000003
IMG4823_2,3.1193219200000017,-2.51728035
IMG4824_1,-9.380678081,3.58271965
IMG4825_4,-14.64067808,21.70271965
IMG4826_3,-7.540678080800001,4.442719650000001
IMG4827_2,2.2593219198,-7.11728035
IMG4828_4,12.65932192,-3.177280350000001
IMG4829_4,-2.5606780800000015,-11.557280349999997
IMG4830_4,38.779321919999994,6.6227196500000005
IMG4831_1,23.47932192,-1.597280349999999
IMG4832_4,40.43932191980001,-3.997280349999999
IMG4833_5,20.95932192,5.202719650000001
IMG4834_3,28.47932192,7.082719649999999
IMG4835_2,7.279321919799997,9.602719650000001
IMG4836_4,11.47932192,-23.35728035
IMG4837_2,22.219321920000002,3.562719650000001
IMG4838_2,0.03932191919999752,18.162719649999996
IMG4839_2,21.09932192,-4.45728035
IMG4840_2,24.11932192,-4.99728035
IMG4841_4,16.61932192,-9.25728035
IMG4842_5,23.67932192,-0.21728035000000007
IMG4843_1,11.15932192,35.66271965
IMG4844_4,17.5993219198,-21.19728035
IMG4845_5,-40.860678088,41.902719649999995
IMG4846_5,49.21932192,-4.657280350000001
IMG4847_3,-3.0806780802000007,-7.477280350000003
IMG4848_2,-3.220678079999999,14.64271965
IMG4849_4,-38.020678079999996,29.72271965
IMG4850_1,10.23932192,-12.57728035
IMG4851_4,13.4393219198,6.382719649999999
IMG4852_1,13.49932192,-8.93728035
IMG4853_4,2.5193219200000003,4.3027196499999985
IMG4854_1,-51.820678083999994,31.54271965
IMG4855_4,-3.300678080000001,8.022719649999999
IMG4856_5,-15.02067808,20.34271965
IMG4857_4,30.4393219198,-24.77728035
IMG4858_3,-3.220678079999997,14.642719649999998
IMG4859_1,5.07932192,15.76271965
IMG4860_5,-114.660678096,82.50271962000001
IMG4861_4,26.27932192,15.482719649799998
IMG4862_3,46.27932192,-7.237280350000002
IMG4863_2,-6.120678080799999,-9.277280350000002
IMG4864_5,5.619321919999999,7.3027196499999985
IMG4865_2,30.839321919600003,-4.797280349999999
IMG4866_3,2.599321919599999,16.90271965
IMG4867_5,29.59932192,-9.97728035
IMG4868_3,13.79932192,-1.2572803500000007
IMG4869_5,-21.940678079999998,15.30271965
IMG4870_4,-1.7006780801999994,11.342719649999998
IMG4871_1,-4.3206780799999995,13.16271965
IMG4872_1,-7.36067808,-36.457280350000005
IMG4873_5,35.91932192,-4.99728035
IMG4874_3,-9.380678081,3.58271965
IMG4875_3,16.99932192,-7.89728035
IMG4876_3,11.719321919999999,2.0227196500000004
IMG4877_5,29.419321920000005,-4.91728035
IMG4878_1,25.97932192,8.222719649999998
IMG4879_5,27.319321920000004,2.7827196499999993
IMG4880_1,22.27932192,5.72271965
IMG4881_4,28.9593219196,-2.577280350000001
IMG4882_5,13.79932192,-1.2572803500000007
IMG4883_2,55.019321919999996,-19.33728035
IMG4884_1,38.079321920000005,5.7627196496
IMG4885_5,15.97932192,-5.95728035
IMG4886_1,4.07932192,21.04271965
IMG4887_3,-1.7406780799999992,-13.377280349999998
IMG4888_3,-0.5406780800000007,8.142719649999997
IMG4889_5,-0.9606780799999989,12.00271965
IMG4890_1,-0.04067807999999786,2.482719649999999
IMG4891_5,23.25932192,20.762719649999998
IMG4892_3,9.69932192,-0.6972803499999998
IMG4893_2,13.79932192,-1.2572803500000007
IMG4894_1,0.45932192000000216,16.482719649999996
IMG4895_5,17.15932192,3.7827196499999998
IMG4896_1,44.01932192,8.162719650000001
IMG4897_1,12.819321920000002,-40.87728035
IMG4898_5,12.53932192,12.342719649999998
IMG4899_3,-1.8206780802000009,-0.29728034999999836
IMG4900_4,13.259321920000001,0.8027196500000017
IMG4901_5,9.859321920000001,15.442719650000004
IMG4902_2,17.879321920000002,-13.557280350000003
IMG4903_2,2.8393219197999997,-12.47728035
IMG4904_4,-8.040678080000001,9.82271965
IMG4905_2,-3.3606780808000005,8.442719649999997
IMG4906_3,-3.22067808,14.642719649999998
IMG4907_3,42.49932192,-13.137280349999997
IMG4908_3,-14.64067808,21.70271965
IMG4909_5,21.07932192,0.22271964999999874
IMG4910_2,25.13932192,-17.33728035
IMG4911_5,20.7793219196,-12.83728035
IMG4912_5,-9.380678081,3.58271965
IMG4913_3,13.79932192,-1.2572803500000014
IMG4914_5,4.9593219200000025,6.08271965
IMG4915_2,-8.22067808,11.042719649999999
IMG4916_3,14.459321919799999,-12.51728035
IMG4917_3,27.73932192,0.502719650000001
IMG4918_3,5.79932192,-1.4172803500000015
IMG4919_4,15.519321920000001,3.6827196499999983
IMG4920_4,11.53932192,-14.49728035
IMG4921_1,-0.7406780799999986,8.74271965
IMG4922_4,9.439321920000001,6.522719650000002
IMG4923_2,4.0793219200000035,21.04271965
IMG4924_4,13.939321919999998,-0.9572803500000028
IMG4925_5,-0.5406780800000007,8.14271965
IMG4926_5,10.419321919599998,-26.41728035
IMG4927_1,35.13932192,-6.237280350000001
IMG4928_3,8.31932192,7.982719650000002
IMG4929_5,9.459321919599999,-7.277280350000001
IMG4930_4,20.53932192,4.482719649999999
IMG4931_3,12.53932192,12.342719649999996
IMG4932_2,28.27932192,-13.457280350000001
IMG4933_3,-9.380678081,3.58271965
IMG4934_5,8.439321920000001,-0.6972803500000004
IMG4935_4,-8.580678079999998,35.562719650000005
IMG4936_5,5.61932192,7.302719649999998
IMG4937_5,-5.720678079999999,-0.5372803500000003
IMG4938_5,33.619321920000004,-4.33728035
IMG4939_1,16.99932192,-7.897280350000001
IMG4940_5,9.819321919999998,10.702719649999997
IMG4941_1,-14.64067808,21.70271965
IMG4942_4,21.239321920000002,3.642719649999999
IMG4943_3,10.1593219192,8.062719649999998
IMG4944_1,15.7993219194,-6.057280349999999
IMG4945_5,-12.940678079999998,21.782719649999997
IMG4946_5,-5.4206780802,25.142719650000004
IMG4947_3,15.33932192,-20.057280349999996
IMG4948_4,28.49932192,-0.1572803499999999
IMG4949_2,-10.380678080400001,24.60271965
IMG4950_2,-9.420678079999998,28.22271965
IMG4951_1,14.019321920000001,-19.51728035
IMG4952_5,-9.640678079999997,-22.077280349999995
IMG4953_3,-9.380678081,3.58271965
IMG4954_5,8.43932192,-0.6972803500000004
IMG4955_2,-0.400678080000003,8.442719649999999
IMG4956_4,17.239321920000002,1.4227196500000006
IMG4957_5,-9.380678081,3.58271965
IMG4958_2,10.3993219198,13.382719649999999
IMG4959_1,-9.380678081,3.58271965
IMG4960_2,35.539321920000006,-14.83728035
IMG4961_4,32.19932192,-3.55728035
IMG4962_4,9.039321920000003,-2.9972803500000014
IMG4963_3,2.2993219194000005,-26.257280349999995
IMG4964_3,-18.120678079999998,14.522719649999999
IMG4965_1,27.01932192,11.78271965
IMG4966_3,-2.3206780799999986,20.66271965
IMG4967_5,15.079321920000002,1.6627196499999997
IMG4968_4,-6.420678080000002,14.082719649999998
IMG4969_4,-14.64067808,21.70271965
IMG4970_5,40.13932192,8.64271965
IMG4971_5,8.439321920000001,8.042719649999999
IMG4972_4,0.07932191999999816,12.16271965
IMG4973_1,29.29932192,-7.477280349999999
IMG4974_2,0.33932192000000044,3.8427196500000007
IMG4975_3,24.57932192,-21.857280349999996
IMG4976_1,-1.0606780799999995,23.32271965
IMG4977_3,4.319321919600002,5.04271965
IMG4978_2,35.31932192,5.94271965
IMG4979_4,-3.22067808,14.642719649999998
IMG4980_5,8.43932192,-0.6972803500000012
IMG4981_3,14.03932192,14.942719650000004
IMG4982_5,-9.540678079999998,20.682719649999996
IMG4983_2,-9.980678079999999,30.962719650000004
IMG4984_2,-9.380678081,3.58271965
IMG4985_4,19.439321919999998,-3.737280349999999
IMG4986_3,30.139321919999997,7.382719649799999
IMG4987_3,-17.080678084,16.46271965
IMG4988_2,21.7993219192,17.86271965
IMG4989_4,-4.340678080200001,6.122719650000002
IMG4990_2,-5.080678079999998,26.62271965
IMG4991_4,-71.880678088,54.98271965
IMG4992_5,9.539321920000003,6.002719649999999
IMG4993_1,-3.740678080400001,11.382719649999999
IMG4994_5,-9.380678081,3.58271965
IMG4995_2,3.5793219199999995,8.762719649999998
IMG4996_5,2.5193219200000003,4.302719650000002
IMG4997_3,1.6993219196000002,0.38271965000000135
IMG4998_2,17.319321920000004,-7.857280349999999
IMG4999_1,32.89932192,-0.5572803500000006
IMG5000_5,-3.220678079999999,14.642719649999998
IMG5001_1,24.3193219198,13.862719649999999
IMG5002_3,-4.720678079999998,15.842719649999998
IMG5003_5,2.8993219198000024,-7.89728035
IMG5004_4,35.259321920000005,10.08271965
IMG5005_5,-13.560678080599999,9.26271965
IMG5006_3,5.619321920000002,7.30271965
IMG5007_5,16.99932192,-7.897280350000001
IMG5008_3,13.459321919600004,3.822719650000001
IMG5009_3,-11.32067808,8.042719649999999
IMG5010_1,38.019321919999996,-5.27728035
IMG5011_2,-66.46067808820001,39.08271963
IMG5012_2,-31.040678080200003,12.962719649999997
IMG5013_4,39.07932192,-30.41728035
IMG5014_2,37.91932192,11.50271965
IMG5015_4,23.279321920000005,0.4427196500000008
IMG5016_3,12.259321920000001,14.862719650000003
IMG5017_3,-21.940678079999998,15.30271965
IMG5018_3,-31.9006780802,14.122719649999999
IMG5019_2,10.719321920000002,-9.057280350000001
IMG5020_3,-11.380678079999996,37.222719639999994
IMG5021_1,32.659321920000004,-22.117280350000005
IMG5022_5,-9.380678081,3.58271965
IMG5023_4,14.059321919999997,10.622719649999997
IMG5024_5,-9.380678081,3.58271965
IMG5025_5,-3.740678080400001,11.382719649999999
IMG5026_5,14.459321920000002,7.742719650000001
IMG5027_5,-2.0006780799999975,14.522719650000003
IMG5028_5,38.05932192,7.16271965
IMG5029_1,10.859321920000001,4.56271965
IMG5030_2,3.6993219200000027,19.682719650000003
IMG5031_3,15.959321919999999,0.18271964999999996
IMG5032_2,-14.64067808,21.70271965
IMG5033_2,-0.30067807999999874,10.80271965
IMG5034_5,3.839321919799999,-2.4372803500000018
IMG5035_3,9.499321919599996,-2.077280350000003
IMG5036_3,12.43932192,28.04271965
IMG5037_5,12.3793219196,-10.497280349999999
IMG5038_1,17.2193219196,-46.57728035
IMG5039_3,20.81932192,7.662719649999997
IMG5040_3,21.239321920000002,3.642719649999999
IMG5041_1,28.03932192,-14.517280350000002
IMG5042_2,-4.86067808,24.52271965
IMG5043_1,24.039321919600003,-9.51728035
IMG5044_1,14.03932192,14.94271965
IMG5045_4,11.259321920000001,2.4427196499999995
IMG5046_1,-2.2206780799999977,9.36271965
IMG5047_3,7.539321919999999,16.6827196498
IMG5048_2,62.27932192000001,-22.23728035
IMG5049_2,27.919321919999998,-17.217280350000003
IMG5050_1,31.439321919999998,12.6227196498
IMG5051_5,-25.40067808,28.54271965
IMG5052_4,38.85932192,-10.85728035
IMG5053_3,13.49932192,-20.77728035
IMG5054_2,-3.2206780799999977,14.642719650000004
IMG5055_4,58.63932192,-12.777280350000002
IMG5056_4,16.1593219196,-21.217280350000003
IMG5057_4,31.179321919999996,2.6027196498
IMG5058_4,19.11932192,8.522719649999999
IMG5059_1,-2.3406780799999978,8.82271965
IMG5060_3,-1.6406780800000007,-15.317280349999999
IMG5061_1,-43.20067808,44.08271965
IMG5062_2,-20.380678083999996,30.76271965
IMG5063_3,7.25932192,8.88271965
IMG5064_3,-9.100678080399998,-0.6572803499999977
IMG5065_3,43.15932192,-11.09728035
IMG5066_4,30.77932192,-3.6372803499999997
IMG5067_4,-12.6406780806,-9.537280350000001
IMG5068_3,-3.2206780799999977,14.642719649999998
IMG5069_4,19.059321920000002,3.18271965
IMG5070_3,16.659321920000004,-4.3772803499999995
IMG5071_2,7.079321919999998,14.06271965
IMG5072_4,37.8793219196,-2.097280350000001
IMG5073_5,58.35932192,-29.37728035
IMG5074_4,33.39932192,2.60271965
IMG5075_3,12.919321919999998,13.70271965
IMG5076_2,13.939321919999998,-0.9572803500000034
IMG5077_3,-21.940678079999998,15.30271965
IMG5078_2,20.99932192,-10.49728035
IMG5079_5,10.65932192,-2.2572803499999994
IMG5080_5,26.1393219196,-1.757280350000002
IMG5081_5,28.539321920000003,10.84271965
IMG5082_3,5.099321919600002,12.742719650000002
IMG5083_1,30.51932192,15.982719649999998
IMG5084_3,-18.06067808,20.36271965
IMG5085_2,4.079321919999998,21.042719650000002
IMG5086_1,-20.020678080000003,27.682719650000003
IMG5087_5,13.239321920000004,0.04271965000000009
IMG5088_1,3.619321920000001,13.06271965
IMG5089_1,13.51932192,1.2627196499999989
IMG5090_1,-59.360678088,52.142719650000004
IMG5091_4,8.439321920000003,-13.737280349999997
IMG5092_2,5.61932192,7.30271965
IMG5093_5,11.699321920000004,3.9627196500000013
IMG5094_4,-23.20067808,28.90271965
IMG5095_4,39.77932192,7.5827196498
IMG5096_4,11.359321920000001,-33.737280350000006
IMG5097_1,6.819321920000002,-0.2972803500000012
IMG5098_1,45.67932192000001,-21.99728035
IMG5099_5,21.09932192,5.142719649999999
IMG5100_5,2.5193219200000003,4.302719649999999
IMG5101_5,39.539321920000006,7.00271965
IMG5102_3,-13.20067808,-4.257280349999999
IMG5103_4,-9.380678081,3.58271965
IMG5104_5,51.79932192,-25.01728035
IMG5105_5,22.8993219196,-7.297280350000003
IMG5106_1,-5.5206780839999965,1.2627196499999997
IMG5107_5,-6.980678080199999,25.762719649999998
IMG5108_5,-8.140678079999997,13.942719650000004
IMG5109_3,-3.220678079999999,14.642719649999998
IMG5110_3,-18.06067808,20.36271965
IMG5111_2,-9.380678081,3.58271965
IMG5112_5,-9.70067808,27.78271965
IMG5113_4,39.1393219192,-14.157280350000002
IMG5114_1,10.539321919599997,-6.9572803500000004
IMG5115_1,-9.380678081,3.58271965
IMG5116_3,16.239321920000002,16.54271965
IMG5117_4,-3.3206780804000005,5.36271965
IMG5118_1,37.7193219196,-1.7772803500000003
IMG5119_1,0.6393219200000019,22.822719640000003
IMG5120_4,39.739321919999995,-9.17728035
IMG5121_4,-4.3606780802000005,1.922719649999999
IMG5122_5,-4.94067808,3.3027196499999993
IMG5123_2,15.69932192,31.22271965
IMG5124_3,30.379321920000002,0.2427196500000001
IMG5125_2,-7.520678084000002,3.3627196500000025
IMG5126_3,-7.58067808,25.242719650000005
IMG5127_2,25.159321919999996,-2.39728035
IMG5128_2,13.79932192,-1.2572803500000014
IMG5129_5,10.01932192,-10.517280349999998
IMG5130_5,11.719321920000002,36.282719650000004
IMG5131_3,-3.660678080199999,-8.737280349999999
IMG5132_4,-11.2006780806,39.40271965
IMG5133_2,11.259321920000003,2.4427196499999995
IMG5134_2,31.339321919999996,-6.297280349999999
IMG5135_5,13.79932192,-1.2572803500000014
IMG5136_5,8.739321919800002,-12.657280349999997
IMG5137_1,-25.460678084,25.10271965
IMG5138_4,-16.02067808,10.302719650000002
IMG5139_1,-8.3406780804,-18.397280349999996
IMG5140_5,-9.380678081,3.58271965
IMG5141_2,39.119321920000004,-17.13728035
IMG5142_2,24.339321919600003,-15.617280349999998
IMG5143_5,-15.500678080400002,9.782719649999999
IMG5144_4,10.999321920000003,6.942719649999999
IMG5145_3,5.61932192,7.30271965
IMG5146_3,20.4393219198,2.6027196499999987
IMG5147_1,22.51932192,0.7427196500000001
IMG5148_2,2.5193219200000003,4.3027196499999985
IMG5149_3,5.6393219198,-8.27728035
IMG5150_1,23.979321919999997,0.16271964999999824
IMG5151_1,1.839321920000001,-0.2772803500000009
IMG5152_3,16.99932192,-7.89728035
IMG5153_3,44.89932192,-25.27728035
IMG5154_5,15.879321919600002,11.202719649999997
IMG5155_1,-6.740678080399998,-11.377280350000003
IMG5156_3,-3.0806780801999993,-7.477280350000003
IMG5157_5,-12.6606780804,12.10271965
IMG5158_1,14.579321919600002,-13.257280350000002
IMG5159_4,-2.2206780799999977,9.36271965
IMG5160_5,-9.820678079999999,37.94271965
IMG5161_4,-18.6206780804,33.322719649999996
IMG5162_3,-3.4206780801999996,-9.277280350000002
IMG5163_4,6.379321919999999,1.2227196499999977
IMG5164_1,-9.380678081,3.58271965
IMG5165_1,21.359321919800003,0.38271965000000135
IMG5166_1,5.61932192,7.30271965
IMG5167_5,14.179321919999998,0.1027196499999988
IMG5168_3,8.8993219192,-28.357280349999996
IMG5169_2,3.3993219197999998,4.14271965
IMG5170_5,14.179321920000001,0.10271965000000023
IMG5171_3,12.7993219198,6.182719650000001
IMG5172_4,19.4393219196,6.1227196500000005
IMG5173_3,6.039321919999999,5.022719649999999
IMG5174_5,14.179321920000001,0.1027196499999988
IMG5175_2,-9.380678081,3.58271965
IMG5176_3,-13.5406780804,12.342719649999998
IMG5177_1,3.239321919999999,2.9227196500000003
IMG5178_3,7.2593219200000005,8.882719649999999
IMG5179_1,36.159321920000004,14.46271965
IMG5180_4,2.699321919200001,31.50271965
IMG5181_2,1.2993219186,37.34271965000001
IMG5182_1,17.099321919400005,-26.937280349999998
IMG5183_1,0.5993219200000027,13.862719650000003
IMG5184_1,22.97932192,-3.41728035
IMG5185_3,14.679321920000001,31.04271965
IMG5186_5,-24.32067808,30.362719650000003
IMG5187_2,-7.840678079999999,1.7427196499999993
IMG5188_2,-19.540678084,24.12271965
IMG5189_3,2.5193219200000003,4.302719649999999
IMG5190_3,0.8793219200000024,13.042719649999999
IMG5191_4,18.75932192,11.48271965
IMG5192_3,-18.1206780812,32.962719650000004
IMG5193_5,-3.0806780801999993,-7.477280350000001
IMG5194_1,13.79932192,-1.2572803500000007
IMG5195_5,-8.820678080399999,8.88271965
IMG5196_5,31.059321920000002,-3.7772803500000003
IMG5197_3,47.47932192,-16.977280349999997
IMG5198_2,-109.080678092,14.1627196498
IMG5199_5,-9.380678081,3.58271965
IMG5200_2,-1.160678080000001,10.86271965
IMG5201_5,16.419321919399998,-11.09728035
IMG5202_5,26.57932192,-3.8972803500000004
IMG5203_5,50.019321919999996,-46.35728034999999
IMG5204_2,22.03932192,-17.49728035
IMG5205_3,15.0993219198,-7.157280349999999
IMG5206_2,-1.4606780799999999,18.24271965
IMG5207_1,5.61932192,7.30271965
IMG5208_3,2.5193219200000003,4.3027196499999985
IMG5209_4,5.3393219200000015,7.442719650000001
IMG5210_1,3.439321919800001,34.80271965
IMG5211_1,-44.340678079999996,74.70271967
IMG5212_2,4.159321919999999,3.062719650000001
IMG5213_5,19.29932192,5.88271965
IMG5214_4,21.239321920000002,3.642719650000001
IMG5215_1,9.439321920000001,6.522719649999999
IMG5216_4,-38.04067808,34.62271965
IMG5217_1,48.0393219196,-9.097280350000002
IMG5218_4,12.419321920000002,27.342719650000003
IMG5219_5,5.61932192,7.30271965
IMG5220_3,39.019321919999996,6.142719649800001
IMG5221_4,5.059321920000002,19.96271965
IMG5222_3,-12.120678080800001,26.922719649999998
IMG5223_5,1.2593219199999985,17.90271965
IMG5224_5,31.019321919799996,-2.8172803500000008
IMG5225_2,-4.040678080799998,22.022719650000006
IMG5226_4,-71.70067808820001,46.94271965
IMG5227_3,29.79932192,-4.0772803500000006
IMG5228_1,52.81932192000001,-52.69728034999999
IMG5229_1,3.899321919999997,10.28271965
IMG5230_1,-24.320678084,7.782719649999999
IMG5231_3,-14.5606780802,33.62271965000001
IMG5232_2,-9.380678081,3.58271965
IMG5233_2,-22.36067808,27.58271965
IMG5234_3,14.179321920000001,0.10271964999999952
IMG5235_4,32.45932192,7.66271965
IMG5236_4,10.8193219198,4.9427196500000035
IMG5237_1,-21.940678079999998,15.30271965
IMG5238_2,14.179321920000001,0.10271964999999952
IMG5239_3,-21.940678079999998,15.30271965
IMG5240_4,-6.0806780806,-29.77728035
IMG5241_5,2.5193219200000003,4.302719649999998
IMG5242_4,-9.380678081,3.58271965
IMG5243_3,7.879321920000001,-4.637280349999999
IMG5244_3,-31.720678080000006,29.98271965
IMG5245_1,-9.380678081,3.58271965
IMG5246_4,15.079321920000002,-9.13728035
IMG5247_3,22.879321920000002,2.4027196500000003
IMG5248_3,-7.42067808,14.102719650000001
IMG5249_2,28.659321920000004,-24.39728035
IMG5250_1,24.7193219194,26.78271965
IMG5251_3,-8.8206780804,8.882719649999999
IMG5252_5,3.479321919200001,7.442719650000001
IMG5253_5,-35.680678088,37.88271965
IMG5254_5,23.719321920000002,8.18271965
IMG5255_5,-12.940678080800001,30.34271965
IMG5256_2,9.7193219198,-4.63728035
IMG5257_1,-6.120678079999998,-1.7972803499999999
IMG5258_2,13.53932192,7.0627196499999965
IMG5259_1,5.619321919999999,7.3027196499999985
IMG5260_4,-6.620678079999999,19.862719650000003
IMG5261_1,-6.14067808,7.822719649999999
IMG5262_2,10.13932192,3.9027196500000003
IMG5263_2,-2.180678080199999,10.04271965
IMG5264_4,-9.380678081,3.58271965
IMG5265_2,-23.20067808,28.90271965
IMG5266_5,34.77932192,-9.67728035
IMG5267_1,3.8393219197999997,-2.437280350000001
IMG5268_4,6.999321920000002,17.46271965
IMG5269_3,18.79932192,-3.1972803499999998
IMG5270_5,5.89932192,4.9227196499999994
IMG5271_4,13.97932192,20.262719649999998
IMG5272_1,-3.0806780802000007,-7.477280350000003
IMG5273_3,-5.860678080399999,12.082719649999998
IMG5274_2,18.859321920000003,10.802719649999998
IMG5275_4,-5.7406780808,12.202719649999999
IMG5276_2,-0.04067807999999786,2.48271965
IMG5277_3,35.87932192,-19.45728035
IMG5278_5,-9.380678081,3.58271965
IMG5279_5,28.9593219196,-29.557280349999996
IMG5280_1,8.43932192,-0.6972803499999998
IMG5281_1,-11.6006780804,-7.637280350000002
IMG5282_1,-7.30067808,15.942719649800003
IMG5283_5,24.619321920000004,5.9627196499999995
IMG5284_3,-16.04067808,21.782719649999997
IMG5285_1,1.099321919599999,19.70271965
IMG5286_3,15.719321920000002,2.362719650000001
IMG5287_3,10.359321919600001,-2.1772803500000015
IMG5288_5,5.439321919600001,9.6427196498
IMG5289_2,-4.00067808,8.302719650000002
IMG5290_2,19.059321920000002,3.18271965
IMG5291_2,-6.76067808,4.222719649999999
IMG5292_5,5.61932192,7.30271965
IMG5293_3,11.919321919800002,-3.517280350000001
IMG5294_1,-7.7006780799999985,10.96271965
IMG5295_5,39.35932192,-12.277280350000002
IMG5296_2,-22.080678080000002,24.54271965
IMG5297_5,12.79932192,-54.35728035000001
IMG5298_5,-2.8606780809999997,-28.617280349999998
IMG5299_4,46.91932192,-19.957280349999998
IMG5300_2,-0.040678079999998576,2.48271965
IMG5301_4,-9.820678079999999,37.94271965
IMG5302_3,13.79932192,-1.2572803500000027
IMG5303_5,5.61932192,7.30271965
IMG5304_4,-83.60067809200001,65.92271965
IMG5305_5,4.079321920000001,21.04271965
IMG5306_3,20.09932192,-4.89728035
IMG5307_5,41.95932192,-22.317280349999997
IMG5308_2,-9.380678081,3.58271965
IMG5309_2,-15.980678079999999,32.38271965
IMG5310_2,-9.380678081,3.58271965
IMG5311_3,8.79932192,5.24271965
IMG5312_4,-6.460678079999999,-8.557280350000003
IMG5313_4,4.6793219200000005,8.602719650000001
IMG5314_5,5.619321919999999,7.30271965
IMG5315_2,5.61932192,-5.737280350000001
IMG5316_1,13.79932192,-1.2572803500000027
IMG5317_1,20.09932192,-4.897280350000001
IMG5318_3,-4.14067808,0.4227196500000012
IMG5319_1,24.23932192,-14.277280350000002
IMG5320_2,32.93932192,10.542719649999999
IMG5321_2,8.859321920000003,6.222719649999999
IMG5322_4,40.659321920000004,-37.33728035
IMG5323_3,-46.120678088,38.74271965
IMG5324_5,42.85932192,-33.91728035
IMG5325_4,13.13932192,0.9427196500000015
IMG5326_5,-2.180678080400001,16.98271965
IMG5327_3,3.5193219200000017,-23.617280349999994
IMG5328_1,-12.700678084,15.022719649999999
IMG5329_1,-0.7406780818,35.92271965
IMG5330_3,32.89932192,-0.5572803500000006
IMG5331_1,7.779321920000001,-4.737280350000001
IMG5332_1,1.259321920000002,20.22271965
IMG5333_2,-21.080678080000002,-5.057280350000001
IMG5334_3,14.459321920000002,7.742719650000001
IMG5335_2,-21.0006780808,-21.49728035
IMG5336_5,-19.600678084000002,20.462719650000004
IMG5337_1,17.499321920000003,0.8227196497999991
IMG5338_4,40.3593219196,-31.317280349999997
IMG5339_1,-14.780678079999998,15.66271965
IMG5340_2,11.379321919799999,12.362719649999999
IMG5341_4,19.719321920000006,-6.25728035
IMG5342_2,12.53932192,12.34271965
IMG5343_2,-9.380678081,3.58271965
IMG5344_5,-9.380678081,3.58271965
IMG5345_2,-21.940678079999998,15.302719649999997
IMG5346_1,3.3193219195999975,16.722719649999995
IMG5347_5,14.179321920000001,0.10271965000000023
IMG5348_4,-9.380678081,3.58271965
IMG5349_3,17.819321920000004,12.90271965
IMG5350_1,-4.8606780804,-6.49728035
IMG5351_3,-21.7406780806,6.00271965
IMG5352_5,8.03932192,8.12271965
IMG5353_1,5.619321919999999,7.30271965
IMG5354_4,28.2993219194,-16.557280350000003
IMG5355_5,8.31932192,12.62271965
IMG5356_3,44.5393219198,-19.757280350000002
IMG5357_2,0.17932191959999955,21.142719650000004
IMG5358_5,15.579321920000002,-1.1772803500000002
IMG5359_5,42.67932192000001,-12.337280349999999
IMG5360_5,10.699321920000001,-7.0772803500000006
IMG5361_1,12.919321919999998,13.70271965
IMG5362_2,2.5193219200000003,4.302719649999999
IMG5363_1,-5.000678080200001,4.902719650000001
IMG5364_1,1.2593219199999985,17.90271965
IMG5365_4,27.159321919999996,0.4427196499999987
IMG5366_4,21.31932192,-14.33728035
IMG5367_4,-5.3606780804,-2.4372803501999996
IMG5368_2,-40.060678080399995,44.542719639999994
IMG5369_2,-9.380678081,3.58271965
IMG5370_2,-9.18067808,12.90271965
IMG5371_2,6.879321920000001,5.742719650000001
IMG5372_5,23.7393219196,-30.537280349999996
IMG5373_4,-20.3406780806,19.10271965
IMG5374_4,-23.20067808,28.90271965
IMG5375_4,1.6793219196000007,3.142719649999998
IMG5376_2,9.559321920000002,-3.497280349999999
IMG5377_4,25.79932192,-8.67728035
IMG5378_1,38.9593219196,-14.23728035
IMG5379_5,-3.2206780799999977,14.642719650000004
IMG5380_1,32.31932192000001,-17.37728035
IMG5381_3,-9.380678081,3.58271965
IMG5382_2,2.1993219198,18.78271965
IMG5383_1,34.159321920000004,-10.31728035
IMG5384_4,1.8593219200000035,0.26271964999999964
IMG5385_2,11.25932192,2.4427196499999995
IMG5386_2,41.659321920000004,-4.197280350000001
IMG5387_2,-2.1806780802,10.042719649999999
IMG5388_3,26.89932192,6.9227196499999994
IMG5389_2,23.919321919999998,-2.8572803500000012
IMG5390_4,2.179321919599998,6.38271965
IMG5391_4,-15.3806780802,12.942719640000002
IMG5392_1,16.39932192,1.2027196499999995
IMG5393_2,16.53932192,17.16271965
IMG5394_3,0.07932191999999816,12.162719650000001
IMG5395_1,1.1393219200000004,16.00271965
IMG5396_2,-4.0606780814,25.54271965
IMG5397_3,32.51932192,-1.9172803500000015
IMG5398_4,36.49932192,6.5627196492
IMG5399_4,34.13932192,-6.537280349999999
IMG5400_3,17.99932192,-0.6772803499999995
IMG5401_5,57.259321920000005,-20.317280349999997
IMG5402_5,15.039321919999997,-2.937280349999999
IMG5403_1,10.039321919799999,26.902719649999995
IMG5404_4,8.639321916,13.482719650000002
IMG5405_5,25.159321920000004,8.86271965
IMG5406_2,14.179321920000001,0.10271964999999739
IMG5407_2,8.999321920000003,9.30271965
IMG5408_2,5.61932192,7.30271965
IMG5409_2,14.179321920000001,0.10271964999999739
IMG5410_1,20.719321920000002,-10.837280349999999
IMG5411_4,2.9793219199999994,-14.85728035
IMG5412_4,40.239321919999995,-7.117280349999999
IMG5413_4,15.5393219192,17.822719650000003
IMG5414_2,20.439321920000005,6.302719649999999
IMG5415_4,-2.2006780801999986,4.742719649999999
IMG5416_5,5.2993219198,-0.15728034999999976
IMG5417_3,16.6193219198,-5.39728035
IMG5418_4,-24.7806780802,34.322719649999996
IMG5419_4,13.79932192,-1.2572803500000007
IMG5420_1,34.31932192,3.042719649999999
IMG5421_4,13.759321920000001,7.48271965
IMG5422_1,68.93932192,-16.957280349999998
IMG5423_3,10.359321919600001,-2.177280350000001
IMG5424_4,9.539321920000003,-13.09728035
IMG5425_4,54.85932192,-47.57728035
IMG5426_5,-2.660678080200001,-9.757280350000002
IMG5427_1,-14.64067808,21.70271965
IMG5428_2,1.6993219196000022,0.3827196499999985
IMG5429_3,-9.08067808,10.50271965
IMG5430_3,17.2793219198,-6.557280350000001
IMG5431_3,-12.580678080399998,18.72271965
IMG5432_1,17.49932192,-7.517280350000002
IMG5433_4,14.179321920000001,0.1027196499999988
IMG5434_1,-9.380678081,3.58271965
IMG5435_1,6.799321919999997,21.642719649999997
IMG5436_3,-25.3806780804,14.382719650000002
IMG5437_3,18.53932192,11.602719650000001
IMG5438_3,20.43932192,6.302719649999999
IMG5439_2,33.0793219198,-0.3972803500000005
IMG5440_1,10.159321919600004,-0.49728034999999976
IMG5441_2,32.89932192,-0.5572803500000006
IMG5442_1,34.17932192,-15.07728035
IMG5443_3,18.61932192,0.022719650000000157
IMG5444_3,-3.22067808,14.642719649999998
IMG5445_4,4.699321920000001,0.6227196500000005
IMG5446_1,2.179321919599999,6.382719649999999
IMG5447_3,3.8393219197999997,-2.437280350000001
IMG5448_5,-20.8806780844,1.1227196497999994
IMG5449_1,25.97932192,8.222719649999998
IMG5450_5,18.31932192,-22.01728035
IMG5451_3,-27.620678080599998,33.28271965
IMG5452_3,26.47932192,0.46271964999999965
IMG5453_1,-0.20067808000000015,17.90271965
IMG5454_4,-1.0006780805999995,25.482719649999996
IMG5455_3,20.299321920000004,5.60271965
IMG5456_3,-23.20067808,28.90271965
IMG5457_3,30.919321919999998,5.5027196497999995
IMG5458_5,-22.940678084,25.84271965
IMG5459_5,-14.64067808,21.70271965
IMG5460_4,22.9793219196,-22.29728035
IMG5461_4,21.09932192,5.1427196499999965
IMG5462_4,0.33932192000000044,3.8427196500000003
IMG5463_2,31.719321920000006,0.4227196499999998
IMG5464_3,-86.14067809219999,51.702719630000004
IMG5465_2,0.8393219200000004,9.222719649999998
IMG5466_2,16.619321920000004,-12.077280349999999
IMG5467_2,27.019321920000003,0.14271964999999937
IMG5468_1,2.5193219200000003,4.302719649999999
IMG5469_2,-9.6206780804,33.18271965
IMG5470_3,-15.02067808,20.34271965
IMG5471_2,-12.60067808,20.70271965
IMG5472_4,14.179321920000001,0.10271965000000023
IMG5473_1,4.419321920000001,16.922719649999998
IMG5474_1,19.95932192,-9.69728035
IMG5475_5,3.4193219200000007,20.40271965
IMG5476_2,0.15932191999999928,11.18271965
IMG5477_5,5.699321919600002,12.62271965
IMG5478_4,-23.240678080000002,24.30271965
IMG5479_5,13.79932192,-1.2572803500000007
IMG5480_4,8.499321920000003,7.822719649999999
IMG5481_2,33.19932192,-12.137280350000001
IMG5482_1,29.779321919800005,-33.95728035
IMG5483_2,22.0793219198,-10.037280349999998
IMG5484_4,17.979321915999996,-16.19728035
IMG5485_3,-9.380678081,3.58271965
IMG5486_2,-9.380678081,3.58271965
